Country,"Density
(P/Km2)",Abbreviation,Agricultural Land( %),Land Area(Km2),Armed Forces size,Birth Rate,Co2-Emissions,Fertility Rate,Forested Area (%),Gasoline Price,GDP,Gross primary education enrollment (%),Gross tertiary education enrollment (%),Infant mortality,Life expectancy,Maternal mortality ratio,Minimum wage,Out of pocket health expenditure,Physicians per thousand,Population,Population: Labor force participation (%),Tax revenue (%),Total tax rate,Unemployment rate,Urban_population,Latitude,Longitude
Germany,240,DE,"47,70%","357,022",180,"9,5","727,973","1,56","25,90%","$1,39","$3,845,630,030,824 ","104,00%","70,20%","3,1","80,9",7,"$9,99","12,50%","4,25","83,132,799","60,80%","11,50%","48,80%","3,04%","64,324,835","51,165691","10,451526"
Canada,4,CA,"6,90%","9,984,670",72,"10,1","544,894","1,5","33,90%","$0,81","$1,736,425,629,520 ","100,90%","68,90%","4,3","81,9",10,"$9,51","14,60%","2,61","36,991,981","65,10%","12,80%","24,50%","5,56%","30,628,482","56,130366","-106,346771"
Israel,400,IL,"24,60%","20,77",178,"20,8","65,166","3,09","65,20%","$1,57","$395,098,666,122 ","104,90%","63,40%",3,"82,8",3,"$7,58","24,40%","4,62","9,053,300","64,00%","23,10%","25,30%","3,86%","8,374,393","31,046051","34,851612"
United States,36,US,"44,40%","9,833,517","1,359,000","11,6","5,006,302","1,73","31,20%","$0,71","$21,427,700,000,000 ","101,80%","88,20%","5,6","78,5",19,"$7,25","11,10%","2,61","328,239,523","62,00%","9,60%","36,60%","14,70%","270,663,028","37,09024","-95,712891"
Japan,347,JP,"12,30%","377,944",261,"7,4","1,135,886","1,42","58,90%","$1,06","$5,081,769,542,380 ","98,80%","63,20%","1,8","84,2",5,"$6,77","13,10%","2,41","126,226,568","61,70%","11,90%","46,70%","2,29%","115,782,416","36,204824","138,252924"
Andorra,164,AD,"40,00%",468,,"7,2",469,"1,27","31,70%","$1,51","$3,154,057,987 ","106,40%",,"2,7",,,"$6,63","36,40%","3,33","77,142",,,,,"67,873","42,506285","1,521801"
South Korea,527,KR,"17,40%","99,72",634,"6,4","620,302","0,98","55,50%","$1,22","$2,029,000,000,000 ","98,10%","94,30%","2,7","82,6",11,"$6,49","36,80%","2,36","51,709,098","63,00%","15,60%","33,20%","4,15%","42,106,719","35,907757","127,766922"
Spain,94,ES,"52,60%","505,37",196,"7,9","244,002","1,26","33,20%","$1,26","$1,394,116,310,769 ","102,70%","88,90%","2,5","83,3",4,"$5,60","24,20%","3,87","47,076,781","57,50%","14,20%","47,00%","13,96%","37,927,409","40,463667","-3,74922"
Slovenia,103,SI,"30,70%","20,273",7,"9,4","12,633","1,6","54,60%","$1,32","$53,742,159,517 ","100,40%","78,60%","1,7",81,7,"$5,25","12,50%","3,09","2,087,946","58,40%","18,60%","31,00%","4,20%","1,144,654","46,151241","14,995463"
The Bahamas,39,BS,"1,40%","13,88",1,"13,97","1,786","1,75","45,40%","$0,92","$12,827,000,000 ","81,40%","15,10%","8,3","73,8",70,"$5,25","27,80%","1,94","389,482","74,60%","14,80%","33,80%","10,36%","323,784","25,03428","-77,39628"
Malta,"1,38",MT,"32,40%",316,2,"9,2","1,342","1,23","1,10%","$1,36","$14,786,156,563 ","105,00%","54,30%","6,1","82,3",6,"$5,07","37,10%","2,86","502,653","56,50%","26,20%","44,00%","3,47%","475,902","35,937496","14,375416"
Greece,81,GR,"47,60%","131,957",146,"8,1","62,434","1,35","23,10%","$1,54","$209,852,761,469 ","99,60%","136,60%","3,6","81,3",3,"$4,46","35,50%","5,48","10,716,322","51,80%","26,20%","51,90%","17,24%","8,507,474","39,074208","21,824312"
Oman,16,OM,"4,60%","309,5",47,"19,19","63,457","2,89","0,00%","$0,45","$76,983,094,928 ","103,40%","38,00%","9,8","77,6",19,"$4,33","6,40%",2,"5,266,535","72,40%","2,50%","27,40%","2,67%","4,250,777","21,4735329","55,975413"
Saudi Arabia,16,SA,"80,80%","2,149,690",252,"17,8","563,449","2,32","0,50%","$0,24","$792,966,838,162 ","99,80%","68,00%",6,75,17,"$3,85","15,00%","2,61","34,268,528","55,90%","8,90%","15,70%","5,93%","28,807,838","23,885942","45,079162"
Portugal,111,PT,"39,50%","92,212",52,"8,5","48,742","1,38","31,80%","$1,54","$237,686,075,635 ","106,20%","63,90%","3,1","81,3",8,"$3,78","27,70%","5,12","10,269,417","58,80%","22,80%","39,80%","6,33%","6,753,579","39,399872","-8,224454"
Turkey,110,TR,"49,80%","783,562",512,"16,03","372,725","2,07","8,30%","$1,42","$754,411,708,203 ","93,20%","23,90%","9,1","77,4",17,"$3,45","16,90%","1,85","83,429,615","52,80%","17,90%","42,30%","13,49%","63,097,818","38,963745","35,243322"
Argentina,17,AR,"54,30%","2,780,400",105,"17,02","201,348","2,26","88,40%","$1,10","$449,663,446,954 ","109,70%","90,00%","8,8","76,5",39,"$3,35","17,60%","3,96","44,938,712","61,30%","10,10%","106,30%","9,79%","41,339,571","-38,416097","-63,616672"
Saint Kitts and Nevis,205,KN,"23,10%",261,,"12,6",238,"2,11","36,10%",,"$1,050,992,593 ","108,70%","86,70%","9,8","71,3",,"$3,33","56,60%","2,52","52,823",,"18,50%","49,70%",,"16,269","17,357822","-62,782998"
Estonia,31,EE,"23,10%","45,228",6,"10,9","16,59","1,59","43,60%","$1,14","$31,386,949,981 ","97,20%","69,60%","2,1","78,2",9,"$3,14","22,80%","4,48","1,331,824","63,60%","20,90%","47,80%","5,11%","916,024","58,595272","25,013607"
Barbados,668,BB,"23,30%",430,1,"10,65","1,276","1,62","7,80%","$1,81","$5,209,000,000 ","99,40%","65,40%","11,3","79,1",27,"$3,13","45,20%","2,48","287,025","65,20%","27,50%","35,60%","10,33%","89,431","13,193887","-59,543198"
Slovakia,114,SK,"39,20%","49,035",16,"10,6","32,424","1,52","34,80%","$1,32","$105,422,304,976 ","98,70%","46,60%","4,6","77,2",5,"$3,11","18,40%","3,42","5,454,073","59,50%","18,70%","49,70%","5,56%","2,930,419","48,669026","19,699024"
Antigua and Barbuda,223,AG,"20,50%",443,0,"15,33",557,"1,99","12,50%","$0,99","$1,727,759,259 ","105,00%","24,80%",5,"76,9",42,"$3,04","24,30%","2,76","97,118",,"16,50%","43,00%",,"23,8","17,060816","-61,796428"
Czech Republic,139,CZ,"45,20%","78,867",23,"10,7","102,218","1,69","32,20%","$1,17","$246,489,245,495 ","100,70%","64,10%","2,7",79,3,"$3,00","14,80%","4,12","10,669,709","60,60%","14,90%","46,10%","1,93%","7,887,156","49,817492","15,472962"
Palau,39,PW,"10,90%",459,,14,224,"2,21","82,10%",,"$283,994,900 ","112,60%","54,70%","16,6","69,1",,"$3,00","21,80%","1,18","18,233",,"21,30%","76,60%",,"14,491","7,51498","134,58252"
Poland,124,PL,"46,90%","312,685",191,"10,2","299,037","1,46","22,30%","$1,07","$592,164,400,688 ","100,00%","67,80%","3,8","77,6",2,"$2,93","23,20%","2,38","37,970,874","56,70%","17,40%","40,80%","3,47%","22,796,574","51,919438","19,145136"
Croatia,73,HR,"27,60%","56,594",18,9,"17,488","1,47","31,80%","$1,26","$60,415,553,039 ","96,50%","67,90%",4,"78,1",8,"$2,92","15,20%",3,"4,067,500","51,20%","22,00%","20,50%","6,93%","2,328,318","45,1","15,2"
Latvia,30,LV,"31,10%","64,589",6,10,"7,004","1,6","48,10%","$1,16","$34,117,202,555 ","99,40%","88,10%","3,3","74,7",19,"$2,80","41,60%","3,19","1,912,789","61,40%","22,90%","38,10%","6,52%","1,304,943","56,879635","24,603189"
Hungary,107,HU,"58,40%","93,028",40,"9,6","45,537","1,54","13,10%","$1,18","$160,967,157,504 ","100,80%","48,50%","3,6","75,8",12,"$2,62","29,00%","3,41","9,769,949","56,50%","23,00%","37,90%","3,40%","6,999,582","47,162494","19,503304"
Ecuador,71,EC,"22,20%","283,561",41,"19,72","41,155","2,43","43,10%","$0,61","$107,435,665,000 ","103,30%","44,90%","12,2","76,8",59,"$2,46","43,70%","2,04","17,373,662","68,00%",,"34,40%","3,97%","11,116,711","-1,831239","-78,183406"
Lithuania,43,LT,"47,20%","65,3",34,10,"12,963","1,63","32,70%","$1,16","$54,219,315,600 ","103,90%","72,40%","3,3","75,7",8,"$2,41","32,10%","6,35","2,786,844","61,60%","16,90%","42,60%","6,35%","1,891,013","55,169438","23,881275"
Romania,84,RO,"58,80%","238,391",126,"9,6","69,259","1,71","21,40%","$1,16","$250,077,444,017 ","85,20%","49,40%","6,1","75,4",19,"$2,25","21,30%","2,98","19,356,544","54,70%","14,60%","20,00%","3,98%","10,468,793","45,943161","24,96676"
Trinidad and Tobago,273,TT,"10,50%","5,128",4,"12,94","43,868","1,73","40,60%","$0,54","$24,100,202,834 ","106,20%","12,00%","16,4","73,4",67,"$2,25","37,30%","4,17","1,394,973","60,00%","19,50%","40,50%","2,69%","741,944","10,691803","-61,222503"
Lebanon,667,LB,"64,30%","10,4",80,"17,55","24,796","2,09","7,50%","$0,74","$53,367,042,272 ","95,10%","26,30%","6,4","78,9",29,"$2,15","32,10%","2,1","6,855,713","47,00%","15,30%","32,20%","6,23%","6,084,994","33,854721","35,862285"
Chile,26,CL,"21,20%","756,096",122,"12,43","85,822","1,65","14,70%","$1,03","$282,318,159,745 ","101,40%","88,50%","6,2",80,13,"$2,00","32,20%","2,59","18,952,038","62,60%","18,20%","34,00%","7,09%","16,610,135","-35,675147","-71,542969"
Marshall Islands,329,MH,"63,90%",181,,"29,03",143,"4,05","67,20%","$1,44","$221,278,000 ","84,70%","23,70%","27,4","65,2",,"$2,00","10,00%","0,42","58,791",,"17,80%","65,90%",,"45,514","7,131474","171,184478"
Seychelles,214,SC,"3,40%",455,0,"17,1",605,"2,41","83,90%",,"$1,698,843,063 ","100,40%","17,10%","12,4","72,8",53,"$2,00","2,50%","0,95","97,625",,"34,10%","30,10%",,"55,762","-4,679574","55,491977"
Australia,3,AU,"48,20%","7,741,220",58,"12,6","375,908","1,74","8,80%","$0,93","$1,392,680,589,329 ","100,30%","113,10%","3,1","82,7",6,"$13,59","19,60%","3,68","25,766,605","65,50%","23,00%","47,40%","5,27%","21,844,756","-25,274398","133,775136"
Luxembourg,242,LU,"53,70%","2,586",2,"10,3","8,988","1,37","33,20%","$1,19","$71,104,919,108 ","102,30%","19,20%","1,9","82,1",5,"$13,05","10,60%","3,01","645,397","59,30%","26,50%","20,40%","5,36%","565,488","49,815273","6,129583"
Monaco,"26,337",MC,,2,,"5,9",,,,"$2,00","$7,184,844,193 ",,,"2,6",,,"$11,72","6,10%","6,56","38,964",,,,,"38,964","43,7384176","7,4246158"
New Zealand,18,NZ,"40,50%","268,838",9,"11,98","34,382","1,71","34,00%","$1,40","$206,928,765,544 ","100,00%","82,00%","4,7","81,9",9,"$11,49","12,60%","3,59","4,841,000","69,90%","29,00%","34,60%","4,07%","4,258,860","-40,900557","174,885971"
France,119,FR,"52,40%","643,801",307,"11,3","303,276","1,88","22,60%","$1,39","$2,715,518,274,227 ","102,50%","65,60%","3,4","82,5",8,"$11,16","6,80%","3,27","67,059,887","55,10%","24,20%","60,70%","8,43%","54,123,364","46,227638","2,213749"
Republic of Ireland,72,,"64,50%","70,273",9,"12,5","37,711","1,75","3,10%","$1,37","$388,698,711,348 ","100,90%","77,80%","3,1","82,3",5,"$10,79","15,20%","3,31","5,007,069","62,10%","18,30%","26,10%","4,93%","3,133,123","53,41291","-8,24389"
Belgium,383,BE,"44,60%","30,528",32,"10,3","96,889","1,62","12,60%","$1,43","$529,606,710,418 ","103,90%","79,70%","2,9","81,6",5,"$10,31","17,60%","3,07","11,484,055","53,60%","24,00%","55,40%","5,59%","11,259,082","50,503887","4,469936"
Netherlands,508,NL,"53,30%","41,543",41,"9,7","170,78","1,59","3,30%","$1,68","$909,070,395,161 ","104,20%","85,00%","3,3","81,8",5,"$10,29","12,30%","3,61","17,332,850","63,60%","23,00%","41,20%","3,20%","15,924,729","52,132633","5,291266"
United Kingdom,281,GB,"71,70%","243,61",148,11,"379,025","1,68","7,20%","$1,46","$2,827,113,184,696 ","101,20%","60,00%","3,6","81,3",7,"$10,13","14,80%","2,81","66,834,405","62,80%","25,50%","30,60%","3,85%","55,908,316","55,378051","-3,435973"
Libya,4,LY,"8,70%","1,759,540",0,"18,83","50,564","2,24","0,10%","$0,11","$52,076,250,948 ","109,00%","60,50%","10,2","72,7",72,"$1,88","36,70%","2,09","6,777,452","49,70%",,"32,60%","18,56%","5,448,597","26,3351","17,228331"
Costa Rica,100,CR,"34,50%","51,1",10,"13,97","8,023","1,75","48,40%","$0,98","$61,773,944,174 ","113,30%","55,20%","7,6","80,1",27,"$1,84","21,50%","2,89","5,047,561","62,10%","13,60%","58,30%","11,85%","4,041,885","9,748917","-83,753428"
Uruguay,20,UY,"82,60%","176,215",22,"13,86","6,766","1,97","2,70%","$1,50","$56,045,912,952 ","108,50%","63,10%","6,4","77,8",17,"$1,66","16,20%","5,05","3,461,734","64,00%","20,10%","41,80%","8,73%","3,303,394","-32,522779","-55,765835"
Belize,17,BZ,"7,00%","22,966",2,"20,79",568,"2,31","51,40%","$1,13","$1,879,613,600 ","111,70%","24,70%","11,2","74,5",36,"$1,65","22,70%","1,12","390,353","65,10%","26,30%","31,10%","6,41%","179,039","17,189877","-88,49765"
Morocco,83,MA,"68,50%","446,55",246,"18,94","61,276","2,42","4,60%","$0,99","$118,725,279,596 ","113,90%","35,90%","19,2","76,5",70,"$1,60","53,10%","0,73","36,910,560","45,30%","21,90%","45,80%","9,02%","22,975,026","31,791702","-7,09262"
Guatemala,167,GT,"36,00%","108,889",43,"24,56","16,777","2,87","25,80%","$0,79","$76,710,385,880 ","101,90%","21,80%","22,1","74,1",95,"$1,60","55,80%","0,35","16,604,026","62,30%","10,60%","35,20%","2,46%","8,540,945","15,783471","-90,230759"
Iran,52,IR,"28,20%","1,648,195",563,"18,78","661,71","2,14","51,60%","$0,40","$445,345,282,123 ","110,70%","68,10%","12,4","76,5",16,"$1,58","39,70%","1,58","82,913,906","44,70%","7,40%","44,70%","11,38%","62,509,623","32,427908","53,688046"
Bulgaria,64,BG,"46,30%","110,879",31,"8,9","41,708","1,56","32,70%","$1,11","$86,000,000,000 ","89,30%","71,00%","5,9","74,9",10,"$1,57","47,70%","4,03","6,975,761","55,40%","20,20%","28,30%","4,34%","5,256,027","42,733883","25,48583"
Serbia,100,RS,"39,30%","77,474",32,"9,2","45,221","1,49","22,50%","$1,16","$51,409,167,351 ","100,30%","67,20%","4,8","75,5",12,"$1,57","40,60%","3,11","6,944,975","54,90%","18,60%","36,60%","12,69%","3,907,243","44,016521","21,005859"
Vanuatu,25,VU,"15,30%","12,189",,"29,6",147,"3,78","33,20%","$1,31","$917,058,851 ","109,30%","4,70%","22,3","70,3",72,"$1,56","8,90%","0,17","299,882","69,90%","17,80%","8,50%","4,39%","76,152","-15,376706","166,959158"
Paraguay,18,PY,"55,10%","406,752",27,"20,57","7,407","2,43","33,30%","$1,04","$38,145,288,940 ","104,40%","34,60%","17,2","74,1",129,"$1,55","36,50%","1,35","7,044,636","72,10%","10,00%","35,00%","4,81%","4,359,150","-23,442503","-58,443832"
Brazil,25,BR,"33,90%","8,515,770",730,"13,92","462,299","1,73","51,30%","$1,02","$1,839,758,040,766 ","115,40%","51,30%","12,8","75,7",60,"$1,53","28,30%","2,15","212,559,417","63,90%","14,20%","65,10%","12,08%","183,241,641","-14,235004","-51,92528"
Panama,58,PA,"30,40%","75,42",26,"18,98","10,715","2,46","54,00%","$0,74","$66,800,800,000 ","94,40%","47,80%","13,1","78,3",52,"$1,53","30,50%","1,57","4,246,439","66,60%",,"37,20%","3,90%","2,890,084","8,537981","-80,782127"
Belarus,47,BY,"42,00%","207,6",155,"9,9","58,28","1,45","36,90%","$0,60","$63,080,457,023 ","100,50%","87,40%","2,6","74,2",2,"$1,49","34,50%","5,19","9,466,856","64,10%","14,70%","53,30%","4,59%","7,482,982","53,709807","27,953389"
Jordan,115,JO,"12,00%","89,342",116,"21,98","25,108","2,76","1,10%","$1,10","$43,743,661,972 ","81,50%","34,40%","13,9","74,4",46,"$1,49","25,10%","2,32","10,101,694","39,30%","15,10%","28,60%","14,72%","9,213,048","30,585164","36,238414"
Dominica,96,DM,"33,30%",751,,12,180,"1,9","50,20%",,"$596,033,333 ","114,70%","7,20%","32,9","76,6",,"$1,48","28,40%","1,08","71,808",,"22,10%","32,60%",,"50,83","15,414999","-61,370976"
Gabon,9,GA,"20,00%","267,667",7,"31,61","5,321","3,97","90,00%","$0,92","$16,657,960,228 ","139,90%","8,30%","32,7","66,2",252,"$1,46","25,90%","0,68","2,172,579","52,90%","10,20%","47,10%","20,00%","1,949,694","-0,803689","11,609444"
Bolivia,11,BO,"34,80%","1,098,581",71,"21,75","21,606","2,73","43,10%","$0,71","$40,895,322,865 ","98,20%",,"21,8","71,2",155,"$1,36","25,90%","1,59","11,513,100","71,80%","17,00%","83,70%","3,50%","8,033,035","-16,290154","-63,588653"
Jamaica,273,JM,"41,00%","10,991",4,"16,1","8,225","1,98","22,40%","$1,11","$16,458,071,068 ","91,00%","27,10%","12,4","74,4",80,"$1,33","23,70%","1,31","2,948,279","66,00%","26,80%","35,10%","8,00%","1,650,594","18,109581","-77,297508"
Peru,26,PE,"18,50%","1,285,216",158,"17,95","57,414","2,25","50,30%","$0,99","$226,848,050,820 ","106,90%","70,70%","11,1","76,5",88,"$1,28","30,90%","1,27","32,510,453","77,60%","14,30%","36,80%","3,31%","25,390,339","-9,189967","-75,015152"
Fiji,49,FJ,"23,30%","18,274",4,"21,28","2,046","2,77","50,00%","$0,82","$5,535,548,972 ","106,40%","16,10%","21,6","67,3",34,"$1,28","21,40%","0,84","889,953","57,60%","24,20%","32,10%","4,10%","505,048","-17,713371","178,065032"
Iraq,93,IQ,"21,40%","438,317",209,"29,08","190,061","3,67","1,90%","$0,61","$234,094,042,939 ","108,70%","16,20%","22,5","70,5",79,"$1,24","76,50%","0,71","39,309,783","43,00%","2,00%","30,80%","12,82%","27,783,368","33,223191","43,679291"
Montenegro,47,ME,"19,00%","13,812",12,"11,73","2,017","1,75","52,90%","$1,16","$5,494,736,901 ","100,00%","56,10%","2,3","76,8",6,"$1,23","31,80%","2,76","622,137","54,40%",,"22,20%","14,88%","417,765","42,708678","19,37439"
Colombia,46,CO,"40,30%","1,138,910",481,"14,88","97,814","1,81","46,90%","$0,68","$323,802,808,108 ","114,50%","55,30%","12,2","77,1",83,"$1,23","18,30%","2,18","50,339,443","68,80%","14,40%","71,20%","9,71%","40,827,302","4,570868","-74,297333"
Saint Vincent and the Grenadines,284,VC,"25,60%",389,,"14,24",220,"1,89","60,40%",,"$825,385,185 ","113,40%","23,70%","14,8","72,4",68,"$1,16","21,40%","0,66","100,455","65,90%","25,40%","37,00%","18,88%","58,185","12,984305","-61,287228"
Papua New Guinea,20,PG,"2,60%","462,84",4,"27,07","7,536","3,56","69,20%","$1,36","$24,969,611,435 ","108,50%","1,80%",38,"64,3",145,"$1,16","5,80%","0,07","8,776,109","47,20%","13,60%","37,10%","2,46%","1,162,834","-6,314993","143,95555"
Albania,105,AL,"43,10%","28,748",9,"11,78","4,536","1,62","16,30%","$1,36","$15,278,077,447 ","107,00%","55,00%","7,8","78,5",15,"$1,12","56,90%","1,2","2,854,191","55,70%","18,60%","36,60%","12,33%","1,747,593","41,153332","20,168331"
Philippines,368,PH,"41,70%",300,153,"20,55","122,287","2,58","15,40%","$0,86","$376,795,508,680 ","107,50%","35,50%","22,5","71,1",121,"$1,12","53,50%","0,6","108,116,615","59,60%","14,00%","43,10%","2,15%","50,975,903","12,879721","121,774017"
Thailand,137,TH,"43,30%","513,12",455,"10,34","283,763","1,53","25,40%","$0,71","$543,649,976,166 ","99,80%","49,30%","7,8","76,9",37,"$1,06","11,80%","0,81","69,625,582","67,30%","14,90%","29,50%","0,75%","35,294,600","15,870032","100,992541"
Equatorial Guinea,50,GQ,"10,10%","28,051",1,"33,24","5,655","4,51","49,80%",,"$11,026,774,945 ","61,80%","1,90%","62,6","58,4",301,"$1,05","72,00%","0,4","1,355,986","62,00%","6,10%","79,40%","6,43%","984,812","1,650801","10,267895"
Bosnia and Herzegovina,64,BA,"43,10%","51,197",11,"8,11","21,848","1,27","37,70%","$1,05","$20,047,848,435 ",,"23,30%",5,"77,3",10,"$1,04","28,60%","2,16","3,301,000","46,40%","20,40%","23,70%","18,42%","1,605,144","43,915886","17,679076"
Syria,95,SY,"75,80%","185,18",239,"23,69","28,83","2,81","11,70%","$0,83","$40,405,006,007 ","81,70%","40,10%",14,"71,8",31,"$1,02","53,70%","1,22","17,070,135","44,10%","14,20%","42,70%","8,37%","9,358,019","34,802075","38,996815"
Honduras,89,HN,"28,90%","112,09",23,"21,6","9,813","2,46","34,60%","$0,98","$25,095,395,475 ","91,50%","26,20%","15,1","75,1",65,"$1,01","49,10%","0,31","9,746,117","68,80%","17,30%","39,10%","5,39%","5,626,433","15,199999","-86,241905"
Guyana,4,GY,"8,60%","214,969",3,"19,97","2,384","2,46","77,90%","$0,90","$4,280,443,645 ","97,80%","11,60%","25,1","69,8",169,"$0,98","40,50%","0,8","782,766","56,20%",,"30,60%","11,85%","208,912","4,860416","-58,93018"
Kuwait,240,KW,"8,40%","17,818",25,"13,94","98,734","2,08","0,40%","$0,35","$134,761,198,946 ","92,40%","54,40%","6,7","75,4",12,"$0,95","14,40%","2,58","4,207,083","73,50%","1,40%","13,00%","2,18%","4,207,083","29,31166","47,481766"
Algeria,18,DZ,"17,40%","2,381,741",317,"24,28","150,006","3,02","0,80%","$0,28","$169,988,236,398 ","109,90%","51,40%","20,1","76,7",112,"$0,95","28,10%","1,72","43,053,054","41,20%","37,20%","66,10%","11,70%","31,510,100","28,033886","1,659626"
Malaysia,99,MY,"26,30%","329,847",136,"16,75","248,289",2,"57,70%","$0,45","$364,701,517,788 ","105,30%","45,10%","6,7",76,29,"$0,93","36,70%","1,51","32,447,385","64,30%","12,00%","38,70%","3,32%","24,475,766","4,210484","101,975766"
Republic of the Congo,16,,"31,10%",342,12,"32,86","3,282","4,43","55,90%","$0,97","$10,820,591,131 ","106,60%","12,70%","36,2","64,3",378,"$0,88","43,80%","0,12","5,380,508","69,40%","9,00%","54,30%","9,47%","3,625,010","-0,228021","15,827659"
Turkmenistan,13,TM,"72,00%","488,1",42,"23,83","70,63","2,79","73,10%","$0,29","$40,761,142,857 ","88,40%","8,00%","39,3","68,1",7,"$0,88","71,10%","2,22","5,942,089","64,50%",,,"3,91%","3,092,738","38,969719","59,556278"
China,153,CN,"56,20%","9,596,960","2,695,000","10,9","9,893,038","1,69","12,60%","$0,96","$19,910,000,000,000 ","100,20%","50,60%","7,4",77,29,"$0,87","32,40%","1,98","1,397,715,000","68,00%","9,40%","59,20%","4,32%","842,933,962","35,86166","104,195397"
Ukraine,75,UA,"71,70%","603,55",297,"8,7","202,25","1,3","9,70%","$0,83","$153,781,069,118 ","99,00%","82,70%","7,5","71,6",19,"$0,84","47,80%","2,99","44,385,155","54,20%","20,10%","45,20%","8,88%","30,835,699","48,379433","31,16558"
Laos,32,LA,"10,30%","236,8",129,"23,55","17,763","2,67","74,10%","$0,93","$18,173,839,128 ","102,40%","15,00%","37,6","67,6",185,"$0,83","45,40%","0,37","7,169,455","78,50%","12,90%","24,10%","0,63%","2,555,552","19,85627","102,495496"
Samoa,70,WS,"12,40%","2,831",,"24,38",246,"3,88","52,70%","$0,91","$850,655,017 ","110,50%","7,60%","13,6","73,2",43,"$0,78","11,50%","0,34","202,506","43,70%","25,50%","19,30%","8,36%","35,588","-13,759029","-172,104629"
Vietnam,314,VN,"39,30%","331,21",522,"16,75","192,668","2,05","42,30%","$0,80","$261,921,244,843 ","110,60%","28,50%","16,5","75,3",43,"$0,73","43,50%","0,82","96,462,106","77,40%","19,10%","37,60%","2,01%","35,332,140","14,058324","108,277199"
Angola,26,AO,"47,50%","1,246,700",117,"40,73","34,693","5,52","40,70%","$0,97","$94,635,415,870 ","113,50%","9,30%","51,6","60,8",241,"$0,71","33,40%","0,21","31,825,295","77,50%","9,20%","49,10%","6,89%","21,061,025","-11,202692","17,873887"
Comoros,467,KM,"71,50%","2,235",,"31,88",202,"4,21","11,00%",,"$1,185,728,677 ","99,50%","9,00%","51,3","64,1",273,"$0,71","74,80%","0,27","850,886","43,30%",,"219,60%","4,34%","248,152","-11,6455","43,3333"
Pakistan,287,PK,"47,80%","796,095",936,"28,25","201,15","3,51","1,90%","$0,79","$304,400,000,000 ","94,30%","9,00%","57,2","67,1",140,"$0,69","66,50%","0,98","216,565,318","52,60%","9,20%","33,90%","4,45%","79,927,762","30,375321","69,345116"
Cape Verde,138,CV,"19,60%","4,033",1,"19,49",543,"2,27","12,60%","$1,02","$1,981,845,741 ","104,00%","23,60%","16,7","72,8",58,"$0,68","23,20%","0,77","483,628","60,50%","20,10%","37,50%","12,25%","364,029","16,5388","-23,0418"
Armenia,104,AM,"58,90%","29,743",49,"13,99","5,156","1,76","3,50%","$0,77","$13,672,802,158 ","92,70%","54,60%",11,"74,9",26,"$0,66","81,60%","4,4","2,957,731","55,60%","20,90%","22,60%","16,99%","1,869,848","40,069099","45,038189"
Mongolia,2,MN,"71,50%","1,564,116",18,"24,13","25,368","2,9","70,20%","$0,72","$13,852,850,259 ","104,00%","65,60%",14,"69,7",45,"$0,65","39,30%","2,86","3,225,167","59,70%","16,80%","25,70%","6,01%","2,210,626","46,862496","103,846656"
East Timor,89,TL,"25,60%","14,874",2,"29,42",495,"4,02","40,40%","$1,10","$1,673,540,300 ","115,30%","17,80%","39,3","69,3",142,"$0,60","10,20%","0,72","3,500,000","67,30%","25,00%","17,30%","4,55%","400,182","-8,874217","125,727539"
Chad,13,TD,"39,70%","1,284,000",35,"42,17","1,016","5,75","19,70%","$0,78","$11,314,951,343 ","86,80%","3,30%","71,4",54,1140,"$0,60","56,40%","0,04","15,946,876","70,70%",,"63,50%","1,89%","3,712,273","15,454166","18,732207"
Sierra Leone,111,SL,"54,70%","71,74",9,"33,41","1,093","4,26","38,20%","$1,08","$3,941,474,311 ","112,80%","2,00%","78,5","54,3",1120,"$0,57","38,20%","0,03","7,813,215","57,90%","8,60%","30,70%","4,43%","3,319,366","8,460555","-11,779889"
Nicaragua,55,NI,"42,10%","130,37",12,"20,64","5,592","2,4","15,00%","$0,91","$12,520,915,291 ","120,60%","17,40%","15,7","74,3",98,"$0,54","36,00%","0,98","6,545,502","66,40%","15,60%","60,60%","6,84%","3,846,137","12,865416","-85,207229"
Nigeria,226,NG,"77,70%","923,768",215,"37,91","120,369","5,39","61,90%","$0,46","$448,120,428,859 ","84,70%","10,20%","75,7","54,3",917,"$0,54","72,20%","0,38","200,963,599","52,90%","1,50%","34,80%","8,10%","102,806,948","9,081999","8,675277"
Russia,9,RU,"13,30%","17,098,240","1,454,000","11,5","1,732,027","1,57","42,70%","$0,59","$1,699,876,578,871 ","102,60%","81,90%","6,1","72,7",17,"$0,53","36,40%","4,01","144,373,535","61,80%","11,40%","46,20%","4,59%","107,683,889","61,52401","105,318756"
Mauritania,5,MR,"38,50%","1,030,700",21,"33,69","2,739","4,56","0,20%","$1,13","$7,593,752,450 ","99,90%","5,00%","51,5","64,7",766,"$0,53","48,20%","0,19","4,525,696","45,90%",,"67,00%","9,55%","2,466,821","21,00789","-10,940835"
Bangladesh,"1,265",BD,"70,60%","148,46",221,"18,18","84,246","2,04","3,30%","$1,12","$302,571,254,131 ","116,50%","20,60%","25,1","72,3",173,"$0,51","71,80%","0,58","167,310,838","59,00%","8,80%","33,40%","4,19%","60,987,417","23,684994","90,356331"
El Salvador,313,SV,"76,40%","21,041",42,"18,25","7,169","2,04","6,80%","$0,83","$27,022,640,000 ","94,80%","29,40%","11,8","73,1",46,"$0,50","27,90%","1,57","6,453,553","59,10%","18,10%","36,40%","4,11%","4,694,702","13,794185","-88,89653"
Mexico,66,MX,"54,60%","1,964,375",336,"17,6","486,406","2,13","31,30%","$0,73","$1,258,286,717,125 ","105,80%","40,20%",11,75,33,"$0,49","41,40%","2,38","126,014,024","60,70%","13,10%","55,10%","3,42%","102,626,859","23,634501","-102,552784"
Indonesia,151,ID,"31,50%","1,904,569",676,"18,07","563,325","2,31","42,80%","$0,63","$1,119,190,780,753 ","106,40%","36,30%","21,1","71,5",177,"$0,48","48,30%","0,43","270,203,917","67,50%","10,20%","30,10%","4,69%","151,509,724","-0,789275","113,921327"
Tunisia,76,TN,"64,80%","163,61",48,"17,56","29,937","2,2","52,70%","$0,73","$38,797,709,924 ","115,40%","31,70%","14,6","76,5",43,"$0,47","39,80%","1,3","11,694,719","46,10%","21,10%","60,70%","16,02%","8,099,061","33,886917","9,537499"
Azerbaijan,123,AZ,"57,70%","86,6",82,14,"37,62","1,73","7,60%","$0,56","$39,207,000,000 ","99,70%","27,70%","19,2","72,9",26,"$0,47","78,60%","3,45","10,023,318","66,50%","13,00%","40,70%","5,51%","5,616,165","40,143105","47,576927"
Afghanistan,60,AF,"58,10%","652,23",323,"32,49","8,672","4,47","11,20%","$0,70","$19,101,353,833 ","104,00%","9,70%","47,9","64,5",638,"$0,43","78,40%","0,28","38,041,754","48,90%","9,30%","71,40%","11,12%","9,797,273","33,93911","67,709953"
Kazakhstan,7,KZ,"80,40%","2,724,900",71,"21,77","247,207","2,84","1,20%","$0,42","$180,161,741,180 ","104,40%","61,70%","8,8","73,2",10,"$0,41","38,80%","3,25","18,513,930","68,80%","11,70%","28,40%","4,59%","10,652,915","48,019573","66,923684"
Sudan,25,SD,"28,70%","1,861,484",124,"32,18",20,"4,41","72,10%","$0,95","$18,902,284,476 ","76,80%","16,90%","42,1","65,1",295,"$0,41","63,20%","0,26","42,813,238","48,40%","8,00%","45,40%","16,53%","14,957,233","12,862807","30,217636"
Lesotho,71,LS,"77,60%","30,355",2,"26,81","2,512","3,14","1,60%","$0,70","$2,460,072,444 ","120,90%","10,20%","65,7","53,7",544,"$0,41","16,90%","0,07","2,125,268","67,90%","31,60%","13,60%","23,41%","607,508","-29,609988","28,233608"
Dominican Republic,225,DO,"48,70%","48,67",71,"19,51","25,258","2,35","35,70%","$1,07","$88,941,298,258 ","105,70%","59,90%","24,1","73,9",95,"$0,40","43,70%","1,56","10,738,958","64,30%","13,00%","48,80%","5,84%","8,787,475","18,735693","-70,162651"
Solomon Islands,25,SB,"3,90%","28,896",,"32,44",169,"4,4","69,80%",,"$1,425,074,226 ","106,20%",,"17,1","72,8",104,"$0,40","3,30%","0,19","669,823","83,80%","29,50%","32,00%","0,58%","162,164","-9,64571","160,156194"
Myanmar,83,MM,"19,50%","676,578",513,"17,55","25,28","2,15","40,00%","$0,54","$76,085,852,617 ","112,30%","18,80%","36,8","66,9",250,"$0,39","73,90%","0,68","54,045,420","61,70%","5,40%","31,20%","1,58%","16,674,093","21,916221","95,955974"
Benin,108,BJ,"33,30%","112,622",12,"36,22","6,476","4,84","33,90%","$0,72","$14,390,709,095 ","122,00%","12,30%","60,5","61,5",397,"$0,39","40,50%","0,08","11,801,151","70,90%","10,80%","48,90%","2,23%","5,648,149","9,30769","2,315834"
Mauritius,626,MU,"42,40%","2,04",3,"10,2","4,349","1,41","10,70%","$1,12","$14,180,444,557 ","101,10%","40,60%","13,6","74,4",61,"$0,38","50,70%","2,53","1,265,711","58,30%","19,10%","22,20%","6,67%","515,98","-20,348404","57,552152"
Central African Republic,8,CF,"8,20%","622,984",8,"35,35",297,"4,72","32,90%","$1,41","$2,220,307,369 ","102,00%","3,00%","84,5","52,8",829,"$0,37","39,60%","0,06","4,745,185","72,00%","8,60%","73,30%","3,68%","1,982,064","6,611111","20,939444"
Nepal,203,NP,"28,70%","147,181",112,"19,89","9,105","1,92","14,70%","$0,91","$30,641,380,604 ","142,10%","12,40%","26,7","70,5",186,"$0,36","60,40%","0,75","28,608,710","83,80%","20,70%","41,80%","1,41%","5,765,513","28,394857","84,124008"
Ivory Coast,83,CI,"64,80%","322,463",27,"35,74","9,674","4,65","27,80%","$0,93","$58,792,205,642 ","99,80%","9,30%","59,4","57,4",617,"$0,36","36,00%","0,23","25,716,544","57,00%","11,80%","50,10%","3,32%","13,176,900","7,539989","-5,54708"
Sri Lanka,341,LK,"43,70%","65,61",317,"15,83","23,362","2,2","28,10%","$0,88","$84,008,783,756 ","100,20%","19,60%","6,4","76,8",36,"$0,35","38,40%",1,"21,803,000","53,90%","11,90%","55,20%","4,20%","4,052,088","7,873054","80,771797"
Cameroon,56,CM,"20,60%","475,44",24,"35,39","8,291","4,57","34,40%","$1,03","$38,760,467,033 ","103,40%","12,80%","50,6","58,9",529,"$0,35","69,70%","0,09","25,876,380","76,10%","12,80%","57,70%","3,38%","14,741,256","7,369722","12,354722"
Togo,152,TG,"70,20%","56,785",10,"33,11",3,"4,32","18,70%","$0,71","$5,459,979,417 ","123,80%","14,50%","47,4","60,8",396,"$0,34","51,00%","0,08","8,082,366","77,60%","16,90%","48,20%","2,04%","3,414,638","8,619543","0,824782"
Burkina Faso,76,BF,"44,20%","274,2",11,"37,93","3,418","5,19","10,90%","$0,98","$15,745,810,235 ","96,10%","6,50%",49,"61,2",320,"$0,34","36,10%","0,08","20,321,378","66,40%","15,00%","41,30%","6,26%","6,092,349","12,238333","-1,561593"
Bhutan,20,BT,"13,60%","38,394",6,"17,26","1,261","1,98","68,50%","$0,98","$2,446,674,101 ","100,10%","15,60%","24,8","71,5",183,"$0,32","19,80%","0,42","727,145","66,70%","16,00%","35,30%","2,34%","317,538","27,514162","90,433601"
Moldova,123,MD,"74,20%","33,851",7,"10,1","5,115","1,26","6,60%","$0,80","$11,955,435,457 ","90,60%","39,80%","13,6","71,8",19,"$0,31","46,20%","3,21","2,657,637","43,10%","17,70%","38,70%","5,47%","1,135,502","47,411631","28,369885"
Senegal,87,SN,"46,10%","196,722",19,"34,52","10,902","4,63","37,80%","$1,14","$23,578,084,052 ","81,00%","12,80%","31,8","67,7",315,"$0,31","44,20%","0,07","16,296,364","45,70%","16,30%","44,80%","6,60%","7,765,706","14,497401","-14,452362"
India,464,IN,"60,40%","3,287,263","3,031,000","17,86","2,407,672","2,22","14,10%","$0,97","$2,611,000,000,000 ","113,00%","28,10%","29,9","69,4",145,"$0,30","65,10%","0,86","1,366,417,754","49,30%","11,20%","49,70%","5,36%","471,031,528","20,593684","78,96288"
Botswana,4,BW,"45,60%","581,73",9,"24,82","6,34","2,87","10,00%","$0,71","$18,340,510,789 ","103,20%","24,90%",30,"69,3",144,"$0,29","5,30%","0,37","2,346,179","70,80%","19,50%","25,10%","18,19%","1,616,550","-22,328474","24,684866"
Niger,19,NE,"36,10%","1,267,000",10,"46,08","2,017","6,91","0,90%","$0,88","$12,928,145,120 ","74,70%","4,40%",48,62,509,"$0,29","52,30%","0,04","23,310,715","72,00%","11,80%","47,20%","0,47%","3,850,231","17,607789","8,081666"
Ghana,137,GH,"69,00%","238,533",16,"29,41","16,67","3,87","35,60%","$0,92","$66,983,634,224 ","104,80%","15,70%","34,9","63,8",308,"$0,27","36,10%","0,14","30,792,608","67,80%","12,60%","55,40%","4,33%","17,249,054","7,946527","-1,023194"
Mozambique,40,MZ,"63,50%","799,38",11,"37,52","7,943","4,85","41,70%","$0,65","$14,934,159,926 ","112,60%","7,30%",54,"60,2",289,"$0,27","6,80%","0,08","30,366,036","78,10%","0,00%","36,10%","3,24%","11,092,106","-18,665695","35,529562"
Kenya,94,KE,"48,50%","580,367",29,"28,75","17,91","3,49","65,40%","$0,95","$95,503,088,538 ","103,20%","11,50%","30,6","66,3",342,"$0,25","33,40%","0,16","52,573,973","74,70%","15,10%","37,20%","2,64%","14,461,523","-0,023559","37,906193"
Haiti,414,HT,"66,80%","27,75",0,"24,35","2,978","2,94","19,30%","$0,81","$8,498,981,821 ","113,60%","1,10%","49,5","63,7",480,"$0,25","36,30%","0,23","11,263,077","67,20%",,"42,70%","13,78%","6,328,948","18,971187","-72,285215"
Uzbekistan,79,UZ,"62,90%","447,4",68,"23,3","91,811","2,42","62,00%","$1,03","$57,921,286,440 ","104,20%","10,10%","19,1","71,6",29,"$0,24","42,70%","2,37","33,580,650","65,10%","14,80%","31,60%","5,92%","16,935,729","41,377491","64,585262"
Zambia,25,ZM,"32,10%","752,618",16,"36,19","5,141","4,63","55,80%","$1,40","$23,064,722,446 ","98,70%","4,10%","40,4","63,5",213,"$0,24","27,50%","1,19","17,861,030","74,60%","16,20%","15,60%","11,43%","7,871,713","-13,133897","27,849332"
Tajikistan,68,TJ,"34,10%","144,1",17,"30,76","5,31","3,59","16,70%","$0,71","$8,116,626,794 ","100,90%","31,30%","30,4","70,9",17,"$0,23","63,10%","1,7","9,321,018","42,00%","9,80%","67,30%","11,02%","2,545,477","38,861034","71,276093"
Mali,17,ML,"33,80%","1,240,192",18,"41,54","3,179","5,88","19,70%","$1,12","$17,510,141,171 ","75,60%","4,50%",62,"58,9",562,"$0,23","46,30%","0,13","19,658,031","70,80%","11,60%","54,50%","7,22%","8,479,688","17,570692","-3,996166"
Madagascar,48,MG,"71,20%","587,041",22,"32,66","3,905","4,08","12,50%","$1,11","$14,083,906,357 ","142,50%","5,40%","38,2","66,7",335,"$0,21","21,70%","0,18","26,969,307","86,10%","10,20%","38,30%","1,76%","10,210,849","-18,766947","46,869107"
Democratic Republic of the Congo,40,CD,"11,60%","2,344,858",134,"41,18","2,021","5,92","57,40%","$1,49","$47,319,624,204 ","108,00%","6,60%","68,2","60,4",473,"$0,18","37,40%","0,07","86,790,567","63,50%","10,70%","50,70%","4,24%","39,095,679","-4,038333","21,758664"
Liberia,53,LR,"28,00%","111,369",2,"33,04","1,386","4,32","39,30%","$0,80","$3,070,518,100 ","85,10%","11,90%","53,5","63,7",661,"$0,17","19,60%","0,04","4,937,374","76,30%","12,90%","46,20%","2,81%","2,548,426","6,428055","-9,429499"
Guinea-Bissau,70,GW,"58,00%","36,125",4,"35,13",293,"4,48","61,50%",,"$1,340,389,411 ","118,70%","2,60%",54,58,667,"$0,16","37,20%","0,13","1,920,922","72,00%","10,30%","45,50%","2,47%","840,922","11,803749","-15,180413"
The Gambia,239,GM,"59,80%","11,3",1,"38,54",532,"5,22","42,60%","$1,18","$1,763,819,048 ","98,00%","2,70%",39,"61,7",597,"$0,13","20,30%","0,1","2,347,706","59,40%","9,40%","48,40%","9,06%","1,453,958","13,443182","-15,310139"
Malawi,203,MW,"61,40%","118,484",15,"34,12","1,298","4,21","30,90%","$1,15","$7,666,704,427 ","142,50%","0,80%","35,3","63,8",349,"$0,12","11,00%","0,04","18,628,747","76,70%","17,30%","34,50%","5,65%","3,199,301","-13,254308","34,301525"
Kyrgyzstan,34,KG,"55,00%","199,951",21,"27,1","9,787","3,3","19,00%","$0,56","$8,454,619,608 ","107,60%","41,30%","16,9","71,4",60,"$0,09","48,20%","1,88","6,456,900","59,80%","18,00%","29,00%","6,33%","2,362,644","41,20438","74,766098"
Tanzania,67,TZ,"44,80%","947,3",28,"36,7","11,973","4,89","46,00%","$0,87","$63,177,068,175 ","94,20%","4,00%","37,6",65,524,"$0,09","26,10%","0,01","58,005,463","83,40%","11,50%","43,80%","1,98%","20,011,885","-6,369028","34,888822"
Georgia,57,GE,"34,50%","69,7",26,"13,47","10,128","2,06","35,40%","$0,76","$17,743,195,770 ","98,60%","63,90%","8,7","73,6",25,"$0,05","57,30%","7,12","3,720,382","68,30%","21,70%","9,90%","14,40%","2,196,476","42,315407","43,356892"
Cuba,106,CU,"59,90%","110,86",76,"10,17","28,284","1,62","22,90%","$1,40","$100,023,000,000 ","101,90%","41,40%","3,7","78,7",36,"$0,05",,"8,42","11,333,483","53,60%",,,"1,64%","8,739,135","21,521757","-77,781167"
Venezuela,32,VE,"24,50%","912,05",343,"17,88","164,175","2,27","46,30%","$0,00","$482,359,318,768 ","97,20%","79,30%","21,4","72,1",125,"$0,01","45,80%","1,92","28,515,829","59,70%",,"73,30%","8,80%","25,162,368","6,42375","-66,58973"
Uganda,229,UG,"71,90%","241,038",46,"38,14","5,68","4,96","87,60%","$0,94","$34,387,229,486 ","102,70%","4,80%","33,8",63,375,"$0,01","40,50%","0,17","44,269,594","70,30%","11,70%","33,70%","1,84%","10,784,516","1,373333","32,290275"
Grenada,331,GD,"23,50%",349,,"16,47",268,"2,06","43,10%","$1,12","$1,228,170,370 ","106,90%","104,60%","13,7","72,4",25,"$7,5","57,00%","1,41","112,003",,"19,40%","47,80%",,"40,765","12,1165","-61,679"
Finland,18,FI,"7,50%","338,145",25,"8,6","45,871","1,41","68,90%","$1,45","$268,761,201,365 ","100,20%","88,20%","1,4","81,7",3,0,"19,90%","3,81","5,520,314","59,10%","20,80%","36,60%","6,59%","4,716,888","61,92411","25,748151"
Austria,109,AT,"32,40%","83,871",21,"9,7","61,448","1,47","41,20%","$1,20","$446,314,739,528 ","103,10%","85,10%","2,9","81,6",5,0,"17,90%","5,17","8,877,067","60,70%","25,40%","51,40%","4,67%","5,194,416","47,516231","14,550072"
Singapore,"8,358",SG,"0,90%",716,81,"8,8","37,535","1,14","13,40%","$1,25","$372,062,527,489 ","100,60%","84,80%","2,3","83,1",8,0,"36,70%","2,29","5,703,569","70,50%","13,10%","21,00%","4,11%","5,703,569","1,352083","103,819836"
Norway,15,NO,"2,70%","323,802",23,"10,4","41,023","1,56","30,90%","$1,78","$403,336,363,636 ","100,30%","82,00%","2,1","82,8",2,0,"14,30%","2,92","5,347,896","63,80%","23,90%","36,20%","3,35%","4,418,218","60,472024","8,468946"
Denmark,137,DK,"62,00%","43,094",15,"10,6","31,786","1,73","7,70%","$1,55","$348,078,018,464 ","101,30%","80,60%","3,6",81,4,0,"13,70%","4,01","5,818,553","62,20%","32,40%","23,80%","4,91%","5,119,978","56,26392","9,501785"
Cyprus,131,CY,"12,20%","9,251",16,"10,46","6,626","1,33","9,80%","$1,23","$24,564,647,935 ","99,30%","75,90%","1,9","80,8",6,,"43,90%","1,95","1,198,575","63,10%","24,50%","22,40%","7,27%","800,708","35,126413","33,429859"
Iceland,3,IS,"18,70%",103,0,12,"2,065","1,71","0,50%","$1,69","$24,188,035,739 ","100,40%","71,80%","1,5","82,7",4,,"17,00%","4,08","361,313","75,00%","23,30%","31,90%","2,84%","339,11","64,963051","-19,020835"
Sweden,25,SE,"7,40%","450,295",30,"11,4","43,252","1,76","59,70%","$1,42","$530,832,908,738 ","126,60%","67,00%","2,2","82,5",4,,"15,20%","3,98","10,285,453","64,60%","27,90%","49,10%","6,48%","9,021,165","60,128161","18,643501"
Italy,206,IT,"43,20%","301,34",347,"7,3","320,411","1,29","24,30%","$1,61","$2,001,244,392,042 ","101,90%","61,90%","2,6","82,9",2,,"22,80%","3,98","60,297,396","49,60%","24,30%","59,10%","9,89%","42,651,966","41,87194","12,56738"
Switzerland,219,CH,"38,40%","41,277",21,10,"34,477","1,52","23,80%","$1,45","$703,082,435,360 ","105,20%","59,60%","3,7","83,6",5,,"28,30%","4,3","8,574,832","68,30%","10,10%","28,80%","4,58%","6,332,428","46,818188","8,227512"
Bahrain,"2,239",BH,"11,10%",765,19,"13,99","31,694","1,99","0,80%","$0,43","$38,574,069,149 ","99,40%","50,50%","6,1","77,2",14,,"25,10%","0,93","1,501,635","73,40%","4,20%","13,80%","0,71%","1,467,109","26,0667","50,5577"
San Marino,566,SM,"16,70%",61,,"6,8",,"1,26","0,00%",,"$1,637,931,034 ","108,10%","42,50%","1,7","85,4",,,"18,30%","6,11","33,86",,"18,10%","36,20%",,"32,969","43,94236","12,457777"
United Arab Emirates,118,AE,"5,50%","83,6",63,"10,33","206,324","1,41","34,60%","$0,49","$421,142,267,938 ","108,40%","36,80%","6,5","77,8",3,,"17,80%","2,53","9,770,529","82,10%","0,10%","15,90%","2,35%","8,479,744","23,424076","53,847818"
Liechtenstein,238,LI,"32,20%",160,,"9,9",51,"1,44","38,60%","$1,74","$6,552,858,739 ","104,70%","35,60%",,83,,,,,"38,019",,,"21,60%",,"5,464","47,1410392","9,520935"
Egypt,103,EG,"3,80%","1,001,450",836,"26,38","238,56","3,33","0,10%","$0,40","$303,175,127,598 ","106,30%","35,20%","18,1","71,8",37,,"62,00%","0,45","100,388,073","46,40%","12,50%","44,40%","10,76%","42,895,824","26,820553","30,802498"
Brunei,83,BN,"2,70%","5,765",8,"14,9","7,664","1,85","67,60%","$0,37","$13,469,422,941 ","103,20%","31,40%","9,8","75,7",31,,"6,00%","1,61","433,285","64,70%",,"8,00%","9,12%","337,711","4,535277","114,727669"
Maldives,"1,802",MV,"26,30%",298,5,"14,2","1,445","1,87","18,90%","$1,63","$5,729,248,472 ","97,10%","31,20%","7,4","78,6",53,,"16,40%","4,56","530,953","69,80%","19,50%","30,20%","6,14%","213,645","3,202778","73,22068"
North Korea,214,KP,"21,80%","120,538","1,469,000","13,89","28,284","1,9","35,50%","$0,58","$32,100,000,000 ","112,80%","27,00%","13,7","72,1",89,,,"3,67","25,666,161","80,40%",,,"2,74%","15,947,412","40,339852","127,510093"
Namibia,3,,"47,10%","824,292",16,"28,64","4,228","3,4","72,50%","$0,76","$12,366,527,719 ","124,20%","22,90%",29,"63,4",195,,"8,30%","0,42","2,494,530","59,50%","27,10%","20,70%","20,27%","1,273,258","-22,95764","18,49041"
South Africa,49,ZA,"79,80%","1,219,090",80,"20,51","476,644","2,41","63,40%","$0,92","$351,431,649,241 ","100,90%","22,40%","28,5","63,9",119,,"7,70%","0,91","58,558,270","56,00%","27,50%","29,20%","28,18%","39,149,717","-30,559482","22,937506"
Qatar,248,QA,"5,80%","11,586",22,"9,54","103,259","1,87","0,00%","$0,40","$183,466,208,791 ","103,80%","17,90%","5,8","80,1",9,,"6,20%","2,49","2,832,067","86,80%","14,70%","11,30%","0,09%","2,809,071","25,354826","51,183884"
Federated States of Micronesia,784,FM,"31,40%",702,,"22,82",143,"3,05","91,90%",,"$401,932,279 ","97,20%","14,10%","25,6","67,8",88,,"2,50%","0,18","113,815",,"25,20%","60,50%",,"25,963","7,425554","150,550812"
Saint Lucia,301,LC,"17,40%",616,,12,414,"1,44","30,10%","$1,30","$2,122,450,630 ","102,60%","14,10%","14,9","76,1",117,,"48,40%","0,64","182,79","67,10%","18,20%","34,70%","20,71%","34,28","13,909444","-60,978893"
Cambodia,95,KH,"30,90%","181,035",191,"22,46","9,919","2,5","48,00%","$0,90","$27,089,389,787 ","107,40%","13,70%",24,"69,6",160,,"59,40%","0,17","16,486,542","82,30%","17,10%","23,10%","0,68%","3,924,621","12,565679","104,990963"
S           ,228,ST,"50,70%",964,1,"31,54",121,"4,32","49,90%",,"$429,016,605 ","106,80%","13,40%","24,4","70,2",130,,"11,70%","0,05","215,056","57,80%","14,60%","37,00%","13,37%","158,277",,
Suriname,4,SR,"0,60%","163,82",2,"18,54","1,738","2,42","98,30%","$1,29","$3,985,250,737 ","108,80%","12,60%","16,9","71,6",120,,"10,10%","1,21","581,372","51,10%","19,50%","27,90%","7,33%","384,258","3,919305","-56,027783"
Guinea,53,GN,"59,00%","245,857",13,"36,36","2,996","4,7","14,90%","$0,90","$13,590,281,809 ","91,50%","11,60%","64,9","61,2",576,,"54,50%","0,08","12,771,246","61,50%","10,80%","69,30%","4,30%","4,661,505","9,945587","-9,696645"
Yemen,56,YE,"44,60%","527,968",40,"30,45","10,609","3,79","1,00%","$0,92","$26,914,402,224 ","93,60%","10,20%","42,9","66,1",164,,"81,00%","0,31","29,161,922","38,00%",,"26,60%","12,91%","10,869,523","15,552727","48,516388"
Zimbabwe,38,ZW,"41,90%","390,757",51,"30,68","10,983","3,62","32,70%","$1,34","$21,440,758,800 ","109,90%","10,00%","33,9","61,2",458,,"25,80%","0,21","14,645,468","83,10%","20,70%","31,60%","4,95%","4,717,305","-19,015438","29,154857"
Ethiopia,115,ET,"36,30%","1,104,300",138,"32,34","14,87","4,25","3,80%","$0,75","$96,107,662,398 ","101,00%","8,10%","39,1","66,2",401,,"37,80%","0,08","112,078,730","79,60%","7,50%","37,70%","2,08%","23,788,710","9,145","40,489673"
Rwanda,525,RW,"73,40%","26,338",35,"31,7","1,115","4,04","11,00%","$1,17","$10,122,472,590 ","133,00%","6,70%",27,"68,7",248,,"26,00%","0,13","12,626,950","83,70%","14,30%","33,20%","1,03%","2,186,104","-1,940278","29,873888"
Tonga,147,TO,"45,80%",747,,"24,3",128,"3,56","3,80%",,"$450,353,314 ","116,30%","6,40%","13,4","70,8",52,,"10,20%","0,52","100,209","59,80%","22,30%","27,50%","1,12%","24,145","-21,178986","-175,198242"
Burundi,463,BI,"79,20%","27,83",31,"39,01",495,"5,41","3,00%","$1,21","$3,012,334,882 ","121,40%","6,10%",41,"61,2",548,,"19,10%","0,1","11,530,580","79,20%","13,60%","41,20%","1,43%","1,541,177","-3,373056","29,918886"
Djibouti,43,DJ,"73,40%","23,2",13,"21,47",620,"2,73","0,20%","$1,32","$3,318,716,359 ","75,30%","5,30%","49,8","66,6",248,,"20,40%","0,22","973,56","60,20%",,"37,90%","10,30%","758,549","11,825138","42,590275"
Eritrea,35,ER,"75,20%","117,6",202,"30,3",711,"4,06","8,00%","$2,00","$2,065,001,626 ","68,40%","3,40%","31,3","65,9",480,,"52,40%","0,06","6,333,135","78,40%",,"83,70%","5,14%","1,149,670","15,179384","39,782334"
Somalia,25,SO,"70,30%","637,657",20,"41,75",645,"6,07","2,10%","$1,41","$4,720,727,278 ","23,40%","2,50%","76,6","57,1",829,,,"0,02","15,442,905","47,40%","0,00%",,"11,35%","7,034,861","5,152149","46,199616"
Kiribati,147,KI,"42,00%",811,,"27,89",66,"3,57","8,10%",,"$194,647,202 ","101,30%",,"41,2","68,1",92,,"0,20%","0,2","117,606",,"22,00%","32,70%",,"64,489","1,8368976","-157,3768317"
South Sudan,18,SS,,"644,329",185,"35,01","1,727","4,7",,"$0,28","$11,997,800,751 ","73,00%",,"63,7","57,6",1150,,"61,30%",,"11,062,113","72,40%",,"31,40%","12,24%","2,201,250","6,8769919","31,3069788"
Tuvalu,393,TV,"60,00%",26,,,11,,"31,10%",,"$47,271,463 ","86,00%",,"20,6",,,,"0,70%","0,92","11,646",,,,,"7,362","-7,109535","177,64933"
North Macedonia,83,,,"25,713",,,,,,,"$10,220,781,069 ",,,,,,,"35,60%",,"1,836,713",,,,,,"41,608635","21,745275"
Nauru,541,NR,,21,,,,,,,"$133,000,000 ",,,,,,,,,"10,084",,,,,,"-0,522778","166,931503"
Eswatini,67,,,"17,364",,,,,,,"$3,791,304,348 ",,,,,,,"11,30%",,"1,093,238",,"28,60%",,,,"-26,522503","31,465866"
Vatican City,"2,003",,,0,,,,,,,,,,,,,,,,836,,,,,,"41,902916","12,453389"
Palestinian National Authority,847,,,,,,,,,,,,,,,,,,,,,,,,,"31,952162","35,233154"